{
  "accuracy": 0.8661,
  "precision": 0.8607088414634146,
  "recall": 0.8813658536585366,
  "f1_score": 0.8709148751566567,
  "classification_report": "              precision    recall  f1-score   support\n\n    negative       0.87      0.85      0.86      4875\n    positive       0.86      0.88      0.87      5125\n\n    accuracy                           0.87     10000\n   macro avg       0.87      0.87      0.87     10000\nweighted avg       0.87      0.87      0.87     10000\n",
  "confusion_matrix": [
    [
      4144,
      731
    ],
    [
      608,
      4517
    ]
  ]
}